Workbook

Sheet pima_data
A1: 6 | B1: 148 | C1: 72 | D1: 35 | E1: 0 | F1: 33.6 | G1: 0.627 | H1: 50 | I1: 1
A2: 1 | B2: 85 | C2: 66 | D2: 29 | E2: 0 | F2: 26.6 | G2: 0.351 | H2: 31 | I2: 0
A3: 8 | B3: 183 | C3: 64 | D3: 0 | E3: 0 | F3: 23.3 | G3: 0.672 | H3: 32 | I3: 1
A4: 1 | B4: 89 | C4: 66 | D4: 23 | E4: 94 | F4: 28.1 | G4: 0.167 | H4: 21 | I4: 0
A5: 0 | B5: 137 | C5: 40 | D5: 35 | E5: 168 | F5: 43.1 | G5: 2.288 | H5: 33 | I5: 1
A6: 5 | B6: 116 | C6: 74 | D6: 0 | E6: 0 | F6: 25.6 | G6: 0.201 | H6: 30 | I6: 0
A7: 3 | B7: 78 | C7: 50 | D7: 32 | E7: 88 | F7: 31 | G7: 0.248 | H7: 26 | I7: 1
A8: 10 | B8: 115 | C8: 0 | D8: 0 | E8: 0 | F8: 35.3 | G8: 0.134 | H8: 29 | I8: 0
A9: 2 | B9: 197 | C9: 70 | D9: 45 | E9: 543 | F9: 30.5 | G9: 0.158 | H9: 53 | I9: 1
A10: 8 | B10: 125 | C10: 96 | D10: 0 | E10: 0 | F10: 0 | G10: 0.232 | H10: 54 | I10: 1
A11: 4 | B11: 110 | C11: 92 | D11: 0 | E11: 0 | F11: 37.6 | G11: 0.191 | H11: 30 | I11: 0
A12: 10 | B12: 168 | C12: 74 | D12: 0 | E12: 0 | F12: 38 | G12: 0.537 | H12: 34 | I12: 1
... A768: 1 | B768: 93 | C768: 70 | D768: 31 | E768: 0 | F768: 30.4 | G768: 0.315 | H768: 23 | I768: 0

Sheet 1-调整数据尺度
A1: =(pima_data!A1-MIN(pima_data!$A$1:$A$768))/(MAX(pima_data!$A$1:$A$768)-MIN(pima_data!$A$1:$A$768)) -> 0.35294118 | B1: =(pima_data!B1-MIN(pima_data!$B$1:$B$768))/(MAX(pima_data!$B$1:$B$768)-MIN(pima_data!$B$1:$B$768)) -> 0.74371859 | C1: =(pima_data!C1-MIN(pima_data!$C$1:$C$768))/(MAX(pima_data!$C$1:$C$768)-MIN(pima_data!$C$1:$C$768)) -> 0.59016393 | D1: =(pima_data!D1-MIN(pima_data!$D$1:$D$768))/(MAX(pima_data!$D$1:$D$768)-MIN(pima_data!$D$1:$D$768)) -> 0.35353535 | E1: =(pima_data!E1-MIN(pima_data!$E$1:$E$768))/(MAX(pima_data!$E$1:$E$768)-MIN(pima_data!$E$1:$E$768)) -> 0 | F1: =(pima_data!F1-MIN(pima_data!$F$1:$F$768))/(MAX(pima_data!$F$1:$F$768)-MIN(pima_data!$F$1:$F$768)) -> 0.50074516 | G1: =(pima_data!G1-MIN(pima_data!$G$1:$G$768))/(MAX(pima_data!$G$1:$G$768)-MIN(pima_data!$G$1:$G$768)) -> 0.23441503 | H1: =(pima_data!H1-MIN(pima_data!$H$1:$H$768))/(MAX(pima_data!$H$1:$H$768)-MIN(pima_data!$H$1:$H$768)) -> 0.48333333
A2: =(pima_data!A2-MIN(pima_data!$A$1:$A$768))/(MAX(pima_data!$A$1:$A$768)-MIN(pima_data!$A$1:$A$768)) -> 0.058823529 | B2: =(pima_data!B2-MIN(pima_data!$B$1:$B$768))/(MAX(pima_data!$B$1:$B$768)-MIN(pima_data!$B$1:$B$768)) -> 0.42713568 | C2: =(pima_data!C2-MIN(pima_data!$C$1:$C$768))/(MAX(pima_data!$C$1:$C$768)-MIN(pima_data!$C$1:$C$768)) -> 0.54098361 | D2: =(pima_data!D2-MIN(pima_data!$D$1:$D$768))/(MAX(pima_data!$D$1:$D$768)-MIN(pima_data!$D$1:$D$768)) -> 0.29292929 | E2: =(pima_data!E2-MIN(pima_data!$E$1:$E$768))/(MAX(pima_data!$E$1:$E$768)-MIN(pima_data!$E$1:$E$768)) -> 0 | F2: =(pima_data!F2-MIN(pima_data!$F$1:$F$768))/(MAX(pima_data!$F$1:$F$768)-MIN(pima_data!$F$1:$F$768)) -> 0.39642325 | G2: =(pima_data!G2-MIN(pima_data!$G$1:$G$768))/(MAX(pima_data!$G$1:$G$768)-MIN(pima_data!$G$1:$G$768)) -> 0.11656704 | H2: =(pima_data!H2-MIN(pima_data!$H$1:$H$768))/(MAX(pima_data!$H$1:$H$768)-MIN(pima_data!$H$1:$H$768)) -> 0.16666667
A3: =(pima_data!A3-MIN(pima_data!$A$1:$A$768))/(MAX(pima_data!$A$1:$A$768)-MIN(pima_data!$A$1:$A$768)) -> 0.47058824 | B3: =(pima_data!B3-MIN(pima_data!$B$1:$B$768))/(MAX(pima_data!$B$1:$B$768)-MIN(pima_data!$B$1:$B$768)) -> 0.91959799 | C3: =(pima_data!C3-MIN(pima_data!$C$1:$C$768))/(MAX(pima_data!$C$1:$C$768)-MIN(pima_data!$C$1:$C$768)) -> 0.52459016 | D3: =(pima_data!D3-MIN(pima_data!$D$1:$D$768))/(MAX(pima_data!$D$1:$D$768)-MIN(pima_data!$D$1:$D$768)) -> 0 | E3: =(pima_data!E3-MIN(pima_data!$E$1:$E$768))/(MAX(pima_data!$E$1:$E$768)-MIN(pima_data!$E$1:$E$768)) -> 0 | F3: =(pima_data!F3-MIN(pima_data!$F$1:$F$768))/(MAX(pima_data!$F$1:$F$768)-MIN(pima_data!$F$1:$F$768)) -> 0.34724292 | G3: =(pima_data!G3-MIN(pima_data!$G$1:$G$768))/(MAX(pima_data!$G$1:$G$768)-MIN(pima_data!$G$1:$G$768)) -> 0.25362938 | H3: =(pima_data!H3-MIN(pima_data!$H$1:$H$768))/(MAX(pima_data!$H$1:$H$768)-MIN(pima_data!$H$1:$H$768)) -> 0.18333333
A4: =(pima_data!A4-MIN(pima_data!$A$1:$A$768))/(MAX(pima_data!$A$1:$A$768)-MIN(pima_data!$A$1:$A$768)) -> 0.058823529 | B4: =(pima_data!B4-MIN(pima_data!$B$1:$B$768))/(MAX(pima_data!$B$1:$B$768)-MIN(pima_data!$B$1:$B$768)) -> 0.44723618 | C4: =(pima_data!C4-MIN(pima_data!$C$1:$C$768))/(MAX(pima_data!$C$1:$C$768)-MIN(pima_data!$C$1:$C$768)) -> 0.54098361 | D4: =(pima_data!D4-MIN(pima_data!$D$1:$D$768))/(MAX(pima_data!$D$1:$D$768)-MIN(pima_data!$D$1:$D$768)) -> 0.23232323 | E4: =(pima_data!E4-MIN(pima_data!$E$1:$E$768))/(MAX(pima_data!$E$1:$E$768)-MIN(pima_data!$E$1:$E$768)) -> 0.11111111 | F4: =(pima_data!F4-MIN(pima_data!$F$1:$F$768))/(MAX(pima_data!$F$1:$F$768)-MIN(pima_data!$F$1:$F$768)) -> 0.41877794 | G4: =(pima_data!G4-MIN(pima_data!$G$1:$G$768))/(MAX(pima_data!$G$1:$G$768)-MIN(pima_data!$G$1:$G$768)) -> 0.038001708 | H4: =(pima_data!H4-MIN(pima_data!$H$1:$H$768))/(MAX(pima_data!$H$1:$H$768)-MIN(pima_data!$H$1:$H$768)) -> 0
A5: =(pima_data!A5-MIN(pima_data!$A$1:$A$768))/(MAX(pima_data!$A$1:$A$768)-MIN(pima_data!$A$1:$A$768)) -> 0 | B5: =(pima_data!B5-MIN(pima_data!$B$1:$B$768))/(MAX(pima_data!$B$1:$B$768)-MIN(pima_data!$B$1:$B$768)) -> 0.68844221 | C5: =(pima_data!C5-MIN(pima_data!$C$1:$C$768))/(MAX(pima_data!$C$1:$C$768)-MIN(pima_data!$C$1:$C$768)) -> 0.32786885 | D5: =(pima_data!D5-MIN(pima_data!$D$1:$D$768))/(MAX(pima_data!$D$1:$D$768)-MIN(pima_data!$D$1:$D$768)) -> 0.35353535 | E5: =(pima_data!E5-MIN(pima_data!$E$1:$E$768))/(MAX(pima_data!$E$1:$E$768)-MIN(pima_data!$E$1:$E$768)) -> 0.19858156 | F5: =(pima_data!F5-MIN(pima_data!$F$1:$F$768))/(MAX(pima_data!$F$1:$F$768)-MIN(pima_data!$F$1:$F$768)) -> 0.64232489 | G5: =(pima_data!G5-MIN(pima_data!$G$1:$G$768))/(MAX(pima_data!$G$1:$G$768)-MIN(pima_data!$G$1:$G$768)) -> 0.94363792 | H5: =(pima_data!H5-MIN(pima_data!$H$1:$H$768))/(MAX(pima_data!$H$1:$H$768)-MIN(pima_data!$H$1:$H$768)) -> 0.2
A6: =(pima_data!A6-MIN(pima_data!$A$1:$A$768))/(MAX(pima_data!$A$1:$A$768)-MIN(pima_data!$A$1:$A$768)) -> 0.29411765 | B6: =(pima_data!B6-MIN(pima_data!$B$1:$B$768))/(MAX(pima_data!$B$1:$B$768)-MIN(pima_data!$B$1:$B$768)) -> 0.58291457 | C6: =(pima_data!C6-MIN(pima_data!$C$1:$C$768))/(MAX(pima_data!$C$1:$C$768)-MIN(pima_data!$C$1:$C$768)) -> 0.60655738 | D6: =(pima_data!D6-MIN(pima_data!$D$1:$D$768))/(MAX(pima_data!$D$1:$D$768)-MIN(pima_data!$D$1:$D$768)) -> 0 | E6: =(pima_data!E6-MIN(pima_data!$E$1:$E$768))/(MAX(pima_data!$E$1:$E$768)-MIN(pima_data!$E$1:$E$768)) -> 0 | F6: =(pima_data!F6-MIN(pima_data!$F$1:$F$768))/(MAX(pima_data!$F$1:$F$768)-MIN(pima_data!$F$1:$F$768)) -> 0.38152012 | G6: =(pima_data!G6-MIN(pima_data!$G$1:$G$768))/(MAX(pima_data!$G$1:$G$768)-MIN(pima_data!$G$1:$G$768)) -> 0.052519214 | H6: =(pima_data!H6-MIN(pima_data!$H$1:$H$768))/(MAX(pima_data!$H$1:$H$768)-MIN(pima_data!$H$1:$H$768)) -> 0.15
A7: =(pima_data!A7-MIN(pima_data!$A$1:$A$768))/(MAX(pima_data!$A$1:$A$768)-MIN(pima_data!$A$1:$A$768)) -> 0.17647059 | B7: =(pima_data!B7-MIN(pima_data!$B$1:$B$768))/(MAX(pima_data!$B$1:$B$768)-MIN(pima_data!$B$1:$B$768)) -> 0.3919598 | C7: =(pima_data!C7-MIN(pima_data!$C$1:$C$768))/(MAX(pima_data!$C$1:$C$768)-MIN(pima_data!$C$1:$C$768)) -> 0.40983607 | D7: =(pima_data!D7-MIN(pima_data!$D$1:$D$768))/(MAX(pima_data!$D$1:$D$768)-MIN(pima_data!$D$1:$D$768)) -> 0.32323232 | E7: =(pima_data!E7-MIN(pima_data!$E$1:$E$768))/(MAX(pima_data!$E$1:$E$768)-MIN(pima_data!$E$1:$E$768)) -> 0.10401891 | F7: =(pima_data!F7-MIN(pima_data!$F$1:$F$768))/(MAX(pima_data!$F$1:$F$768)-MIN(pima_data!$F$1:$F$768)) -> 0.46199702 | G7: =(pima_data!G7-MIN(pima_data!$G$1:$G$768))/(MAX(pima_data!$G$1:$G$768)-MIN(pima_data!$G$1:$G$768)) -> 0.072587532 | H7: =(pima_data!H7-MIN(pima_data!$H$1:$H$768))/(MAX(pima_data!$H$1:$H$768)-MIN(pima_data!$H$1:$H$768)) -> 0.083333333
A8: =(pima_data!A8-MIN(pima_data!$A$1:$A$768))/(MAX(pima_data!$A$1:$A$768)-MIN(pima_data!$A$1:$A$768)) -> 0.58823529 | B8: =(pima_data!B8-MIN(pima_data!$B$1:$B$768))/(MAX(pima_data!$B$1:$B$768)-MIN(pima_data!$B$1:$B$768)) -> 0.57788945 | C8: =(pima_data!C8-MIN(pima_data!$C$1:$C$768))/(MAX(pima_data!$C$1:$C$768)-MIN(pima_data!$C$1:$C$768)) -> 0 | D8: =(pima_data!D8-MIN(pima_data!$D$1:$D$768))/(MAX(pima_data!$D$1:$D$768)-MIN(pima_data!$D$1:$D$768)) -> 0 | E8: =(pima_data!E8-MIN(pima_data!$E$1:$E$768))/(MAX(pima_data!$E$1:$E$768)-MIN(pima_data!$E$1:$E$768)) -> 0 | F8: =(pima_data!F8-MIN(pima_data!$F$1:$F$768))/(MAX(pima_data!$F$1:$F$768)-MIN(pima_data!$F$1:$F$768)) -> 0.52608048 | G8: =(pima_data!G8-MIN(pima_data!$G$1:$G$768))/(MAX(pima_data!$G$1:$G$768)-MIN(pima_data!$G$1:$G$768)) -> 0.023911187 | H8: =(pima_data!H8-MIN(pima_data!$H$1:$H$768))/(MAX(pima_data!$H$1:$H$768)-MIN(pima_data!$H$1:$H$768)) -> 0.13333333
A9: =(pima_data!A9-MIN(pima_data!$A$1:$A$768))/(MAX(pima_data!$A$1:$A$768)-MIN(pima_data!$A$1:$A$768)) -> 0.11764706 | B9: =(pima_data!B9-MIN(pima_data!$B$1:$B$768))/(MAX(pima_data!$B$1:$B$768)-MIN(pima_data!$B$1:$B$768)) -> 0.98994975 | C9: =(pima_data!C9-MIN(pima_data!$C$1:$C$768))/(MAX(pima_data!$C$1:$C$768)-MIN(pima_data!$C$1:$C$768)) -> 0.57377049 | D9: =(pima_data!D9-MIN(pima_data!$D$1:$D$768))/(MAX(pima_data!$D$1:$D$768)-MIN(pima_data!$D$1:$D$768)) -> 0.45454545 | E9: =(pima_data!E9-MIN(pima_data!$E$1:$E$768))/(MAX(pima_data!$E$1:$E$768)-MIN(pima_data!$E$1:$E$768)) -> 0.64184397 | F9: =(pima_data!F9-MIN(pima_data!$F$1:$F$768))/(MAX(pima_data!$F$1:$F$768)-MIN(pima_data!$F$1:$F$768)) -> 0.45454545 | G9: =(pima_data!G9-MIN(pima_data!$G$1:$G$768))/(MAX(pima_data!$G$1:$G$768)-MIN(pima_data!$G$1:$G$768)) -> 0.034158839 | H9: =(pima_data!H9-MIN(pima_data!$H$1:$H$768))/(MAX(pima_data!$H$1:$H$768)-MIN(pima_data!$H$1:$H$768)) -> 0.53333333
A10: =(pima_data!A10-MIN(pima_data!$A$1:$A$768))/(MAX(pima_data!$A$1:$A$768)-MIN(pima_data!$A$1:$A$768)) -> 0.47058824 | B10: =(pima_data!B10-MIN(pima_data!$B$1:$B$768))/(MAX(pima_data!$B$1:$B$768)-MIN(pima_data!$B$1:$B$768)) -> 0.6281407 | C10: =(pima_data!C10-MIN(pima_data!$C$1:$C$768))/(MAX(pima_data!$C$1:$C$768)-MIN(pima_data!$C$1:$C$768)) -> 0.78688525 | D10: =(pima_data!D10-MIN(pima_data!$D$1:$D$768))/(MAX(pima_data!$D$1:$D$768)-MIN(pima_data!$D$1:$D$768)) -> 0 | E10: =(pima_data!E10-MIN(pima_data!$E$1:$E$768))/(MAX(pima_data!$E$1:$E$768)-MIN(pima_data!$E$1:$E$768)) -> 0 | F10: =(pima_data!F10-MIN(pima_data!$F$1:$F$768))/(MAX(pima_data!$F$1:$F$768)-MIN(pima_data!$F$1:$F$768)) -> 0 | G10: =(pima_data!G10-MIN(pima_data!$G$1:$G$768))/(MAX(pima_data!$G$1:$G$768)-MIN(pima_data!$G$1:$G$768)) -> 0.065755764 | H10: =(pima_data!H10-MIN(pima_data!$H$1:$H$768))/(MAX(pima_data!$H$1:$H$768)-MIN(pima_data!$H$1:$H$768)) -> 0.55
A11: =(pima_data!A11-MIN(pima_data!$A$1:$A$768))/(MAX(pima_data!$A$1:$A$768)-MIN(pima_data!$A$1:$A$768)) -> 0.23529412 | B11: =(pima_data!B11-MIN(pima_data!$B$1:$B$768))/(MAX(pima_data!$B$1:$B$768)-MIN(pima_data!$B$1:$B$768)) -> 0.55276382 | C11: =(pima_data!C11-MIN(pima_data!$C$1:$C$768))/(MAX(pima_data!$C$1:$C$768)-MIN(pima_data!$C$1:$C$768)) -> 0.75409836 | D11: =(pima_data!D11-MIN(pima_data!$D$1:$D$768))/(MAX(pima_data!$D$1:$D$768)-MIN(pima_data!$D$1:$D$768)) -> 0 | E11: =(pima_data!E11-MIN(pima_data!$E$1:$E$768))/(MAX(pima_data!$E$1:$E$768)-MIN(pima_data!$E$1:$E$768)) -> 0 | F11: =(pima_data!F11-MIN(pima_data!$F$1:$F$768))/(MAX(pima_data!$F$1:$F$768)-MIN(pima_data!$F$1:$F$768)) -> 0.56035768 | G11: =(pima_data!G11-MIN(pima_data!$G$1:$G$768))/(MAX(pima_data!$G$1:$G$768)-MIN(pima_data!$G$1:$G$768)) -> 0.04824936 | H11: =(pima_data!H11-MIN(pima_data!$H$1:$H$768))/(MAX(pima_data!$H$1:$H$768)-MIN(pima_data!$H$1:$H$768)) -> 0.15
A12: =(pima_data!A12-MIN(pima_data!$A$1:$A$768))/(MAX(pima_data!$A$1:$A$768)-MIN(pima_data!$A$1:$A$768)) -> 0.58823529 | B12: =(pima_data!B12-MIN(pima_data!$B$1:$B$768))/(MAX(pima_data!$B$1:$B$768)-MIN(pima_data!$B$1:$B$768)) -> 0.84422111 | C12: =(pima_data!C12-MIN(pima_data!$C$1:$C$768))/(MAX(pima_data!$C$1:$C$768)-MIN(pima_data!$C$1:$C$768)) -> 0.60655738 | D12: =(pima_data!D12-MIN(pima_data!$D$1:$D$768))/(MAX(pima_data!$D$1:$D$768)-MIN(pima_data!$D$1:$D$768)) -> 0 | E12: =(pima_data!E12-MIN(pima_data!$E$1:$E$768))/(MAX(pima_data!$E$1:$E$768)-MIN(pima_data!$E$1:$E$768)) -> 0 | F12: =(pima_data!F12-MIN(pima_data!$F$1:$F$768))/(MAX(pima_data!$F$1:$F$768)-MIN(pima_data!$F$1:$F$768)) -> 0.56631893 | G12: =(pima_data!G12-MIN(pima_data!$G$1:$G$768))/(MAX(pima_data!$G$1:$G$768)-MIN(pima_data!$G$1:$G$768)) -> 0.19598634 | H12: =(pima_data!H12-MIN(pima_data!$H$1:$H$768))/(MAX(pima_data!$H$1:$H$768)-MIN(pima_data!$H$1:$H$768)) -> 0.21666667
... A768: =(pima_data!A768-MIN(pima_data!$A$1:$A$768))/(MAX(pima_data!$A$1:$A$768)-MIN(pima_data!$A$1:$A$768)) -> 0.058823529 | B768: =(pima_data!B768-MIN(pima_data!$B$1:$B$768))/(MAX(pima_data!$B$1:$B$768)-MIN(pima_data!$B$1:$B$768)) -> 0.46733668 | C768: =(pima_data!C768-MIN(pima_data!$C$1:$C$768))/(MAX(pima_data!$C$1:$C$768)-MIN(pima_data!$C$1:$C$768)) -> 0.57377049 | D768: =(pima_data!D768-MIN(pima_data!$D$1:$D$768))/(MAX(pima_data!$D$1:$D$768)-MIN(pima_data!$D$1:$D$768)) -> 0.31313131 | E768: =(pima_data!E768-MIN(pima_data!$E$1:$E$768))/(MAX(pima_data!$E$1:$E$768)-MIN(pima_data!$E$1:$E$768)) -> 0 | F768: =(pima_data!F768-MIN(pima_data!$F$1:$F$768))/(MAX(pima_data!$F$1:$F$768)-MIN(pima_data!$F$1:$F$768)) -> 0.45305514 | G768: =(pima_data!G768-MIN(pima_data!$G$1:$G$768))/(MAX(pima_data!$G$1:$G$768)-MIN(pima_data!$G$1:$G$768)) -> 0.10119556 | H768: =(pima_data!H768-MIN(pima_data!$H$1:$H$768))/(MAX(pima_data!$H$1:$H$768)-MIN(pima_data!$H$1:$H$768)) -> 0.033333333

Sheet 2-正态化数据
A1: =(pima_data!A1-AVERAGE(pima_data!$A$1:$A$768))/_xlfn.STDEV.P(pima_data!$A$1:$A$768) -> 0.63994726 | B1: =(pima_data!B1-AVERAGE(pima_data!$B$1:$B$768))/_xlfn.STDEV.P(pima_data!$B$1:$B$768) -> 0.84832379 | C1: =(pima_data!C1-AVERAGE(pima_data!$C$1:$C$768))/_xlfn.STDEV.P(pima_data!$C$1:$C$768) -> 0.14964075 | D1: =(pima_data!D1-AVERAGE(pima_data!$D$1:$D$768))/_xlfn.STDEV.P(pima_data!$D$1:$D$768) -> 0.90726993 | E1: =(pima_data!E1-AVERAGE(pima_data!$E$1:$E$768))/_xlfn.STDEV.P(pima_data!$E$1:$E$768) -> -0.69289057 | F1: =(pima_data!F1-AVERAGE(pima_data!$F$1:$F$768))/_xlfn.STDEV.P(pima_data!$F$1:$F$768) -> 0.20401277 | G1: =(pima_data!G1-AVERAGE(pima_data!$G$1:$G$768))/_xlfn.STDEV.P(pima_data!$G$1:$G$768) -> 0.46849198 | H1: =(pima_data!H1-AVERAGE(pima_data!$H$1:$H$768))/_xlfn.STDEV.P(pima_data!$H$1:$H$768) -> 1.4259954
A2: =(pima_data!A2-AVERAGE(pima_data!$A$1:$A$768))/_xlfn.STDEV.P(pima_data!$A$1:$A$768) -> -0.84488505 | B2: =(pima_data!B2-AVERAGE(pima_data!$B$1:$B$768))/_xlfn.STDEV.P(pima_data!$B$1:$B$768) -> -1.1233964 | C2: =(pima_data!C2-AVERAGE(pima_data!$C$1:$C$768))/_xlfn.STDEV.P(pima_data!$C$1:$C$768) -> -0.16054575 | D2: =(pima_data!D2-AVERAGE(pima_data!$D$1:$D$768))/_xlfn.STDEV.P(pima_data!$D$1:$D$768) -> 0.53090156 | E2: =(pima_data!E2-AVERAGE(pima_data!$E$1:$E$768))/_xlfn.STDEV.P(pima_data!$E$1:$E$768) -> -0.69289057 | F2: =(pima_data!F2-AVERAGE(pima_data!$F$1:$F$768))/_xlfn.STDEV.P(pima_data!$F$1:$F$768) -> -0.68442195 | G2: =(pima_data!G2-AVERAGE(pima_data!$G$1:$G$768))/_xlfn.STDEV.P(pima_data!$G$1:$G$768) -> -0.36506078 | H2: =(pima_data!H2-AVERAGE(pima_data!$H$1:$H$768))/_xlfn.STDEV.P(pima_data!$H$1:$H$768) -> -0.19067191
A3: =(pima_data!A3-AVERAGE(pima_data!$A$1:$A$768))/_xlfn.STDEV.P(pima_data!$A$1:$A$768) -> 1.2338802 | B3: =(pima_data!B3-AVERAGE(pima_data!$B$1:$B$768))/_xlfn.STDEV.P(pima_data!$B$1:$B$768) -> 1.9437239 | C3: =(pima_data!C3-AVERAGE(pima_data!$C$1:$C$768))/_xlfn.STDEV.P(pima_data!$C$1:$C$768) -> -0.26394125 | D3: =(pima_data!D3-AVERAGE(pima_data!$D$1:$D$768))/_xlfn.STDEV.P(pima_data!$D$1:$D$768) -> -1.2882122 | E3: =(pima_data!E3-AVERAGE(pima_data!$E$1:$E$768))/_xlfn.STDEV.P(pima_data!$E$1:$E$768) -> -0.69289057 | F3: =(pima_data!F3-AVERAGE(pima_data!$F$1:$F$768))/_xlfn.STDEV.P(pima_data!$F$1:$F$768) -> -1.1032555 | G3: =(pima_data!G3-AVERAGE(pima_data!$G$1:$G$768))/_xlfn.STDEV.P(pima_data!$G$1:$G$768) -> 0.60439732 | H3: =(pima_data!H3-AVERAGE(pima_data!$H$1:$H$768))/_xlfn.STDEV.P(pima_data!$H$1:$H$768) -> -0.10558415
A4: =(pima_data!A4-AVERAGE(pima_data!$A$1:$A$768))/_xlfn.STDEV.P(pima_data!$A$1:$A$768) -> -0.84488505 | B4: =(pima_data!B4-AVERAGE(pima_data!$B$1:$B$768))/_xlfn.STDEV.P(pima_data!$B$1:$B$768) -> -0.99820778 | C4: =(pima_data!C4-AVERAGE(pima_data!$C$1:$C$768))/_xlfn.STDEV.P(pima_data!$C$1:$C$768) -> -0.16054575 | D4: =(pima_data!D4-AVERAGE(pima_data!$D$1:$D$768))/_xlfn.STDEV.P(pima_data!$D$1:$D$768) -> 0.15453319 | E4: =(pima_data!E4-AVERAGE(pima_data!$E$1:$E$768))/_xlfn.STDEV.P(pima_data!$E$1:$E$768) -> 0.12330164 | F4: =(pima_data!F4-AVERAGE(pima_data!$F$1:$F$768))/_xlfn.STDEV.P(pima_data!$F$1:$F$768) -> -0.49404308 | G4: =(pima_data!G4-AVERAGE(pima_data!$G$1:$G$768))/_xlfn.STDEV.P(pima_data!$G$1:$G$768) -> -0.92076261 | H4: =(pima_data!H4-AVERAGE(pima_data!$H$1:$H$768))/_xlfn.STDEV.P(pima_data!$H$1:$H$768) -> -1.0415494
A5: =(pima_data!A5-AVERAGE(pima_data!$A$1:$A$768))/_xlfn.STDEV.P(pima_data!$A$1:$A$768) -> -1.1418515 | B5: =(pima_data!B5-AVERAGE(pima_data!$B$1:$B$768))/_xlfn.STDEV.P(pima_data!$B$1:$B$768) -> 0.5040552 | C5: =(pima_data!C5-AVERAGE(pima_data!$C$1:$C$768))/_xlfn.STDEV.P(pima_data!$C$1:$C$768) -> -1.5046872 | D5: =(pima_data!D5-AVERAGE(pima_data!$D$1:$D$768))/_xlfn.STDEV.P(pima_data!$D$1:$D$768) -> 0.90726993 | E5: =(pima_data!E5-AVERAGE(pima_data!$E$1:$E$768))/_xlfn.STDEV.P(pima_data!$E$1:$E$768) -> 0.76583594 | F5: =(pima_data!F5-AVERAGE(pima_data!$F$1:$F$768))/_xlfn.STDEV.P(pima_data!$F$1:$F$768) -> 1.4097456 | G5: =(pima_data!G5-AVERAGE(pima_data!$G$1:$G$768))/_xlfn.STDEV.P(pima_data!$G$1:$G$768) -> 5.4849091 | H5: =(pima_data!H5-AVERAGE(pima_data!$H$1:$H$768))/_xlfn.STDEV.P(pima_data!$H$1:$H$768) -> -0.020496399
A6: =(pima_data!A6-AVERAGE(pima_data!$A$1:$A$768))/_xlfn.STDEV.P(pima_data!$A$1:$A$768) -> 0.3429808 | B6: =(pima_data!B6-AVERAGE(pima_data!$B$1:$B$768))/_xlfn.STDEV.P(pima_data!$B$1:$B$768) -> -0.15318486 | C6: =(pima_data!C6-AVERAGE(pima_data!$C$1:$C$768))/_xlfn.STDEV.P(pima_data!$C$1:$C$768) -> 0.25303625 | D6: =(pima_data!D6-AVERAGE(pima_data!$D$1:$D$768))/_xlfn.STDEV.P(pima_data!$D$1:$D$768) -> -1.2882122 | E6: =(pima_data!E6-AVERAGE(pima_data!$E$1:$E$768))/_xlfn.STDEV.P(pima_data!$E$1:$E$768) -> -0.69289057 | F6: =(pima_data!F6-AVERAGE(pima_data!$F$1:$F$768))/_xlfn.STDEV.P(pima_data!$F$1:$F$768) -> -0.81134119 | G6: =(pima_data!G6-AVERAGE(pima_data!$G$1:$G$768))/_xlfn.STDEV.P(pima_data!$G$1:$G$768) -> -0.81807858 | H6: =(pima_data!H6-AVERAGE(pima_data!$H$1:$H$768))/_xlfn.STDEV.P(pima_data!$H$1:$H$768) -> -0.27575966
A7: =(pima_data!A7-AVERAGE(pima_data!$A$1:$A$768))/_xlfn.STDEV.P(pima_data!$A$1:$A$768) -> -0.25095213 | B7: =(pima_data!B7-AVERAGE(pima_data!$B$1:$B$768))/_xlfn.STDEV.P(pima_data!$B$1:$B$768) -> -1.3424764 | C7: =(pima_data!C7-AVERAGE(pima_data!$C$1:$C$768))/_xlfn.STDEV.P(pima_data!$C$1:$C$768) -> -0.98770975 | D7: =(pima_data!D7-AVERAGE(pima_data!$D$1:$D$768))/_xlfn.STDEV.P(pima_data!$D$1:$D$768) -> 0.71908574 | E7: =(pima_data!E7-AVERAGE(pima_data!$E$1:$E$768))/_xlfn.STDEV.P(pima_data!$E$1:$E$768) -> 0.071204269 | F7: =(pima_data!F7-AVERAGE(pima_data!$F$1:$F$768))/_xlfn.STDEV.P(pima_data!$F$1:$F$768) -> -0.12597727 | G7: =(pima_data!G7-AVERAGE(pima_data!$G$1:$G$768))/_xlfn.STDEV.P(pima_data!$G$1:$G$768) -> -0.676133 | H7: =(pima_data!H7-AVERAGE(pima_data!$H$1:$H$768))/_xlfn.STDEV.P(pima_data!$H$1:$H$768) -> -0.61611067
A8: =(pima_data!A8-AVERAGE(pima_data!$A$1:$A$768))/_xlfn.STDEV.P(pima_data!$A$1:$A$768) -> 1.8278131 | B8: =(pima_data!B8-AVERAGE(pima_data!$B$1:$B$768))/_xlfn.STDEV.P(pima_data!$B$1:$B$768) -> -0.184482 | C8: =(pima_data!C8-AVERAGE(pima_data!$C$1:$C$768))/_xlfn.STDEV.P(pima_data!$C$1:$C$768) -> -3.5725972 | D8: =(pima_data!D8-AVERAGE(pima_data!$D$1:$D$768))/_xlfn.STDEV.P(pima_data!$D$1:$D$768) -> -1.2882122 | E8: =(pima_data!E8-AVERAGE(pima_data!$E$1:$E$768))/_xlfn.STDEV.P(pima_data!$E$1:$E$768) -> -0.69289057 | F8: =(pima_data!F8-AVERAGE(pima_data!$F$1:$F$768))/_xlfn.STDEV.P(pima_data!$F$1:$F$768) -> 0.41977549 | G8: =(pima_data!G8-AVERAGE(pima_data!$G$1:$G$768))/_xlfn.STDEV.P(pima_data!$G$1:$G$768) -> -1.0204265 | H8: =(pima_data!H8-AVERAGE(pima_data!$H$1:$H$768))/_xlfn.STDEV.P(pima_data!$H$1:$H$768) -> -0.36084741
A9: =(pima_data!A9-AVERAGE(pima_data!$A$1:$A$768))/_xlfn.STDEV.P(pima_data!$A$1:$A$768) -> -0.54791859 | B9: =(pima_data!B9-AVERAGE(pima_data!$B$1:$B$768))/_xlfn.STDEV.P(pima_data!$B$1:$B$768) -> 2.3818839 | C9: =(pima_data!C9-AVERAGE(pima_data!$C$1:$C$768))/_xlfn.STDEV.P(pima_data!$C$1:$C$768) -> 0.046245253 | D9: =(pima_data!D9-AVERAGE(pima_data!$D$1:$D$768))/_xlfn.STDEV.P(pima_data!$D$1:$D$768) -> 1.5345505 | E9: =(pima_data!E9-AVERAGE(pima_data!$E$1:$E$768))/_xlfn.STDEV.P(pima_data!$E$1:$E$768) -> 4.0219219 | F9: =(pima_data!F9-AVERAGE(pima_data!$F$1:$F$768))/_xlfn.STDEV.P(pima_data!$F$1:$F$768) -> -0.18943689 | G9: =(pima_data!G9-AVERAGE(pima_data!$G$1:$G$768))/_xlfn.STDEV.P(pima_data!$G$1:$G$768) -> -0.94794368 | H9: =(pima_data!H9-AVERAGE(pima_data!$H$1:$H$768))/_xlfn.STDEV.P(pima_data!$H$1:$H$768) -> 1.6812587
A10: =(pima_data!A10-AVERAGE(pima_data!$A$1:$A$768))/_xlfn.STDEV.P(pima_data!$A$1:$A$768) -> 1.2338802 | B10: =(pima_data!B10-AVERAGE(pima_data!$B$1:$B$768))/_xlfn.STDEV.P(pima_data!$B$1:$B$768) -> 0.12848945 | C10: =(pima_data!C10-AVERAGE(pima_data!$C$1:$C$768))/_xlfn.STDEV.P(pima_data!$C$1:$C$768) -> 1.3903868 | D10: =(pima_data!D10-AVERAGE(pima_data!$D$1:$D$768))/_xlfn.STDEV.P(pima_data!$D$1:$D$768) -> -1.2882122 | E10: =(pima_data!E10-AVERAGE(pima_data!$E$1:$E$768))/_xlfn.STDEV.P(pima_data!$E$1:$E$768) -> -0.69289057 | F10: =(pima_data!F10-AVERAGE(pima_data!$F$1:$F$768))/_xlfn.STDEV.P(pima_data!$F$1:$F$768) -> -4.0604739 | G10: =(pima_data!G10-AVERAGE(pima_data!$G$1:$G$768))/_xlfn.STDEV.P(pima_data!$G$1:$G$768) -> -0.7244549 | H10: =(pima_data!H10-AVERAGE(pima_data!$H$1:$H$768))/_xlfn.STDEV.P(pima_data!$H$1:$H$768) -> 1.7663464
A11: =(pima_data!A11-AVERAGE(pima_data!$A$1:$A$768))/_xlfn.STDEV.P(pima_data!$A$1:$A$768) -> 0.046014335 | B11: =(pima_data!B11-AVERAGE(pima_data!$B$1:$B$768))/_xlfn.STDEV.P(pima_data!$B$1:$B$768) -> -0.34096773 | C11: =(pima_data!C11-AVERAGE(pima_data!$C$1:$C$768))/_xlfn.STDEV.P(pima_data!$C$1:$C$768) -> 1.1835958 | D11: =(pima_data!D11-AVERAGE(pima_data!$D$1:$D$768))/_xlfn.STDEV.P(pima_data!$D$1:$D$768) -> -1.2882122 | E11: =(pima_data!E11-AVERAGE(pima_data!$E$1:$E$768))/_xlfn.STDEV.P(pima_data!$E$1:$E$768) -> -0.69289057 | F11: =(pima_data!F11-AVERAGE(pima_data!$F$1:$F$768))/_xlfn.STDEV.P(pima_data!$F$1:$F$768) -> 0.71168975 | G11: =(pima_data!G11-AVERAGE(pima_data!$G$1:$G$768))/_xlfn.STDEV.P(pima_data!$G$1:$G$768) -> -0.84827977 | H11: =(pima_data!H11-AVERAGE(pima_data!$H$1:$H$768))/_xlfn.STDEV.P(pima_data!$H$1:$H$768) -> -0.27575966
A12: =(pima_data!A12-AVERAGE(pima_data!$A$1:$A$768))/_xlfn.STDEV.P(pima_data!$A$1:$A$768) -> 1.8278131 | B12: =(pima_data!B12-AVERAGE(pima_data!$B$1:$B$768))/_xlfn.STDEV.P(pima_data!$B$1:$B$768) -> 1.4742667 | C12: =(pima_data!C12-AVERAGE(pima_data!$C$1:$C$768))/_xlfn.STDEV.P(pima_data!$C$1:$C$768) -> 0.25303625 | D12: =(pima_data!D12-AVERAGE(pima_data!$D$1:$D$768))/_xlfn.STDEV.P(pima_data!$D$1:$D$768) -> -1.2882122 | E12: =(pima_data!E12-AVERAGE(pima_data!$E$1:$E$768))/_xlfn.STDEV.P(pima_data!$E$1:$E$768) -> -0.69289057 | F12: =(pima_data!F12-AVERAGE(pima_data!$F$1:$F$768))/_xlfn.STDEV.P(pima_data!$F$1:$F$768) -> 0.76245745 | G12: =(pima_data!G12-AVERAGE(pima_data!$G$1:$G$768))/_xlfn.STDEV.P(pima_data!$G$1:$G$768) -> 0.1966813 | H12: =(pima_data!H12-AVERAGE(pima_data!$H$1:$H$768))/_xlfn.STDEV.P(pima_data!$H$1:$H$768) -> 0.064591354
... A768: =(pima_data!A768-AVERAGE(pima_data!$A$1:$A$768))/_xlfn.STDEV.P(pima_data!$A$1:$A$768) -> -0.84488505 | B768: =(pima_data!B768-AVERAGE(pima_data!$B$1:$B$768))/_xlfn.STDEV.P(pima_data!$B$1:$B$768) -> -0.8730192 | C768: =(pima_data!C768-AVERAGE(pima_data!$C$1:$C$768))/_xlfn.STDEV.P(pima_data!$C$1:$C$768) -> 0.046245253 | D768: =(pima_data!D768-AVERAGE(pima_data!$D$1:$D$768))/_xlfn.STDEV.P(pima_data!$D$1:$D$768) -> 0.65635768 | E768: =(pima_data!E768-AVERAGE(pima_data!$E$1:$E$768))/_xlfn.STDEV.P(pima_data!$E$1:$E$768) -> -0.69289057 | F768: =(pima_data!F768-AVERAGE(pima_data!$F$1:$F$768))/_xlfn.STDEV.P(pima_data!$F$1:$F$768) -> -0.20212881 | G768: =(pima_data!G768-AVERAGE(pima_data!$G$1:$G$768))/_xlfn.STDEV.P(pima_data!$G$1:$G$768) -> -0.47378505 | H768: =(pima_data!H768-AVERAGE(pima_data!$H$1:$H$768))/_xlfn.STDEV.P(pima_data!$H$1:$H$768) -> -0.87137393

Sheet 3-标准化数据
A1: {=SUM(POWER(pima_data!A1:H1,2))} -> 31978.353 | B1: =A1^0.5 -> 178.82492 | C1: =pima_data!A1/$B1 -> 0.03355237 | D1: =pima_data!B1/$B1 -> 0.82762513 | E1: =pima_data!C1/$B1 -> 0.40262844 | F1: =pima_data!D1/$B1 -> 0.19572216 | G1: =pima_data!E1/$B1 -> 0 | H1: =pima_data!F1/$B1 -> 0.18789327 | I1: =pima_data!G1/$B1 -> 0.0035062227 | J1: =pima_data!H1/$B1 -> 0.27960308
A2: {=SUM(POWER(pima_data!A2:H2,2))} -> 14091.683 | B2: =A2^0.5 -> 118.7084 | C2: =pima_data!A2/$B2 -> 0.008424004 | D2: =pima_data!B2/$B2 -> 0.71604034 | E2: =pima_data!C2/$B2 -> 0.55598426 | F2: =pima_data!D2/$B2 -> 0.24429612 | G2: =pima_data!E2/$B2 -> 0 | H2: =pima_data!F2/$B2 -> 0.22407851 | I2: =pima_data!G2/$B2 -> 0.0029568254 | J2: =pima_data!H2/$B2 -> 0.26114412
A3: {=SUM(POWER(pima_data!A3:H3,2))} -> 39216.342 | B3: =A3^0.5 -> 198.03116 | C3: =pima_data!A3/$B3 -> 0.040397682 | D3: =pima_data!B3/$B3 -> 0.92409698 | E3: =pima_data!C3/$B3 -> 0.32318146 | F3: =pima_data!D3/$B3 -> 0 | G3: =pima_data!E3/$B3 -> 0 | H3: =pima_data!F3/$B3 -> 0.11765825 | I3: =pima_data!G3/$B3 -> 0.0033934053 | J3: =pima_data!H3/$B3 -> 0.16159073
A4: {=SUM(POWER(pima_data!A4:H4,2))} -> 22873.638 | B4: =A4^0.5 -> 151.24033 | C4: =pima_data!A4/$B4 -> 0.0066119929 | D4: =pima_data!B4/$B4 -> 0.58846737 | E4: =pima_data!C4/$B4 -> 0.43639153 | F4: =pima_data!D4/$B4 -> 0.15207584 | G4: =pima_data!E4/$B4 -> 0.62152733 | H4: =pima_data!F4/$B4 -> 0.185797 | I4: =pima_data!G4/$B4 -> 0.0011042028 | J4: =pima_data!H4/$B4 -> 0.13885185
A5: {=SUM(POWER(pima_data!A5:H5,2))} -> 52769.845 | B5: =A5^0.5 -> 229.71688 | C5: =pima_data!A5/$B5 -> 0 | D5: =pima_data!B5/$B5 -> 0.5963863 | E5: =pima_data!C5/$B5 -> 0.17412739 | F5: =pima_data!D5/$B5 -> 0.15236146 | G5: =pima_data!E5/$B5 -> 0.73133502 | H5: =pima_data!F5/$B5 -> 0.18762226 | I5: =pima_data!G5/$B5 -> 0.0099600865 | J5: =pima_data!H5/$B5 -> 0.14365509
A6: {=SUM(POWER(pima_data!A6:H6,2))} -> 20512.4 | B6: =A6^0.5 -> 143.22151 | C6: =pima_data!A6/$B6 -> 0.034910958 | D6: =pima_data!B6/$B6 -> 0.80993422 | E6: =pima_data!C6/$B6 -> 0.51668217 | F6: =pima_data!D6/$B6 -> 0 | G6: =pima_data!E6/$B6 -> 0 | H6: =pima_data!F6/$B6 -> 0.1787441 | I6: =pima_data!G6/$B6 -> 0.0014034205 | J6: =pima_data!H6/$B6 -> 0.20946575
A7: {=SUM(POWER(pima_data!A7:H7,2))} -> 18998.062 | B7: =A7^0.5 -> 137.83346 | C7: =pima_data!A7/$B7 -> 0.021765398 | D7: =pima_data!B7/$B7 -> 0.56590034 | E7: =pima_data!C7/$B7 -> 0.36275663 | F7: =pima_data!D7/$B7 -> 0.23216424 | G7: =pima_data!E7/$B7 -> 0.63845167 | H7: =pima_data!F7/$B7 -> 0.22490911 | I7: =pima_data!G7/$B7 -> 0.0017992729 | J7: =pima_data!H7/$B7 -> 0.18863345
A8: {=SUM(POWER(pima_data!A8:H8,2))} -> 15412.108 | B8: =A8^0.5 -> 124.14551 | C8: =pima_data!A8/$B8 -> 0.080550637 | D8: =pima_data!B8/$B8 -> 0.92633232 | E8: =pima_data!C8/$B8 -> 0 | F8: =pima_data!D8/$B8 -> 0 | G8: =pima_data!E8/$B8 -> 0 | H8: =pima_data!F8/$B8 -> 0.28434375 | I8: =pima_data!G8/$B8 -> 0.0010793785 | J8: =pima_data!H8/$B8 -> 0.23359685
A9: {=SUM(POWER(pima_data!A9:H9,2))} -> 344326.27 | B9: =A9^0.5 -> 586.79321 | C9: =pima_data!A9/$B9 -> 0.0034083557 | D9: =pima_data!B9/$B9 -> 0.33572304 | E9: =pima_data!C9/$B9 -> 0.11929245 | F9: =pima_data!D9/$B9 -> 0.076688004 | G9: =pima_data!E9/$B9 -> 0.92536858 | H9: =pima_data!F9/$B9 -> 0.051977425 | I9: =pima_data!G9/$B9 -> 0.0002692601 | J9: =pima_data!H9/$B9 -> 0.090321426
A10: {=SUM(POWER(pima_data!A10:H10,2))} -> 27821.054 | B10: =A10^0.5 -> 166.79644 | C10: =pima_data!A10/$B10 -> 0.047962653 | D10: =pima_data!B10/$B10 -> 0.74941646 | E10: =pima_data!C10/$B10 -> 0.57555184 | F10: =pima_data!D10/$B10 -> 0 | G10: =pima_data!E10/$B10 -> 0 | H10: =pima_data!F10/$B10 -> 0 | I10: =pima_data!G10/$B10 -> 0.0013909169 | J10: =pima_data!H10/$B10 -> 0.32374791
A11: {=SUM(POWER(pima_data!A11:H11,2))} -> 22893.796 | B11: =A11^0.5 -> 151.30696 | C11: =pima_data!A11/$B11 -> 0.026436325 | D11: =pima_data!B11/$B11 -> 0.72699894 | E11: =pima_data!C11/$B11 -> 0.60803548 | F11: =pima_data!D11/$B11 -> 0 | G11: =pima_data!E11/$B11 -> 0 | H11: =pima_data!F11/$B11 -> 0.24850146 | I11: =pima_data!G11/$B11 -> 0.0012623345 | J11: =pima_data!H11/$B11 -> 0.19827244
A12: {=SUM(POWER(pima_data!A12:H12,2))} -> 36400.288 | B12: =A12^0.5 -> 190.7886 | C12: =pima_data!A12/$B12 -> 0.052414034 | D12: =pima_data!B12/$B12 -> 0.88055577 | E12: =pima_data!C12/$B12 -> 0.38786385 | F12: =pima_data!D12/$B12 -> 0 | G12: =pima_data!E12/$B12 -> 0 | H12: =pima_data!F12/$B12 -> 0.19917333 | I12: =pima_data!G12/$B12 -> 0.0028146336 | J12: =pima_data!H12/$B12 -> 0.17820772
... A768: {=SUM(POWER(pima_data!A768:H768,2))} -> 15964.259 | B768: =A768^0.5 -> 126.34975 | C768: =pima_data!A768/$B768 -> 0.0079145388 | D768: =pima_data!B768/$B768 -> 0.73605211 | E768: =pima_data!C768/$B768 -> 0.55401772 | F768: =pima_data!D768/$B768 -> 0.2453507 | G768: =pima_data!E768/$B768 -> 0 | H768: =pima_data!F768/$B768 -> 0.24060198 | I768: =pima_data!G768/$B768 -> 0.0024930797 | J768: =pima_data!H768/$B768 -> 0.18203439

Sheet Sheet1
I1: 你 | J1: 是 | K1: 谁 | L1: 呀 | M1: 好 | N1: 在 | O1: 哪 | P1: 儿
A2: 你是谁呀 | C2: 你 | D2: 是 | E2: 谁 | F2: 呀 | I2: 1 | J2: 1 | K2: 1 | L2: 1 | M2: 0 | N2: 0 | O2: 0 | P2: 0
A3: 你好 | C3: 你 | D3: 好 | E3: , | F3: 你 | G3: 是 | H3: 谁 | I3: 1 | J3: 0 | K3: 0 | L3: 0 | M3: 1 | N3: 0 | O3: 0 | P3: 0
A4: 你在哪儿 | C4: 你 | D4: 在 | E4: 哪 | F4: 儿 | I4: 1 | J4: 0 | K4: 0 | L4: 0 | M4: 0 | N4: 1 | O4: 1 | P4: 1

Sheet 选择特征
A1: 单变量特征选择
A2: preg | B2: plas | C2: pres | D2: skin | E2: test | F2: mass | G2: pedi | H2: age | I2: class
A3: 5 | B3: 2 | C3: 7 | D3: 6 | E3: 1 | F3: 4 | G3: 8 | H3: 3
A4: 111.52 | B4: 1411.887 | C4: 17.605 | D4: 53.108 | E4: 2175.565 | F4: 127.669 | G4: 5.393 | H4: 181.304
A5: 6 | B5: 148 | C5: 72 | D5: 35 | E5: 0 | F5: 33.6 | G5: 0.627 | H5: 50 | I5: 1
A6: 1 | B6: 85 | C6: 66 | D6: 29 | E6: 0 | F6: 26.6 | G6: 0.351 | H6: 31 | I6: 0
A7: 8 | B7: 183 | C7: 64 | D7: 0 | E7: 0 | F7: 23.3 | G7: 0.672 | H7: 32 | I7: 1
A8: 1 | B8: 89 | C8: 66 | D8: 23 | E8: 94 | F8: 28.1 | G8: 0.167 | H8: 21 | I8: 0
A9: 0 | B9: 137 | C9: 40 | D9: 35 | E9: 168 | F9: 43.1 | G9: 2.288 | H9: 33 | I9: 1
A10: 5 | B10: 116 | C10: 74 | D10: 0 | E10: 0 | F10: 25.6 | G10: 0.201 | H10: 30 | I10: 0
A11: 3 | B11: 78 | C11: 50 | D11: 32 | E11: 88 | F11: 31 | G11: 0.248 | H11: 26 | I11: 1
A12: 10 | B12: 115 | C12: 0 | D12: 0 | E12: 0 | F12: 35.3 | G12: 0.134 | H12: 29 | I12: 0
A13: 2 | B13: 197 | C13: 70 | D13: 45 | E13: 543 | F13: 30.5 | G13: 0.158 | H13: 53 | I13: 1
A14: 8 | B14: 125 | C14: 96 | D14: 0 | E14: 0 | F14: 0 | G14: 0.232 | H14: 54 | I14: 1
A15: 4 | B15: 110 | C15: 92 | D15: 0 | E15: 0 | F15: 37.6 | G15: 0.191 | H15: 30 | I15: 0
A16: 10 | B16: 168 | C16: 74 | D16: 0 | E16: 0 | F16: 38 | G16: 0.537 | H16: 34 | I16: 1
... A772: 1 | B772: 93 | C772: 70 | D772: 31 | E772: 0 | F772: 30.4 | G772: 0.315 | H772: 23 | I772: 0
A774: 递归特征消除
A775: preg | B775: plas | C775: pres | D775: skin | E775: test | F775: mass | G775: pedi | H775: age | I775: class
A776: 1 | B776: 2 | C776: 4 | D776: 5 | E776: 6 | F776: 1 | G776: 1 | H776: 3
A778: 主成分分析
A782: 特征重要性
A783: preg | B783: plas | C783: pres | D783: skin | E783: test | F783: mass | G783: pedi | H783: age | I783: class
A784: 0.109 | B784: 0.241 | C784: 0.098 | D784: 0.08 | E784: 0.074 | F784: 0.139 | G784: 0.118 | H784: 0.141
